what,kind,bundleId,bundleVersion,description,time
stopped,bundle,org.eclipse.cdt.debug.mi.core,7.1.0.201106081058,"org.eclipse.cdt.debug.mi.core",1313700111767
stopped,bundle,org.eclipse.cdt.debug.ui.memory.memorybrowser,1.2.100.201106081058,"org.eclipse.cdt.debug.ui.memory.memorybrowser",1313700111768
stopped,bundle,org.eclipse.cdt.debug.ui.memory.search,1.2.0.201106081058,"org.eclipse.cdt.debug.ui.memory.search",1313700111768
stopped,bundle,org.eclipse.cdt.dsf.gdb.ui,2.2.0.201106081058,"org.eclipse.cdt.dsf.gdb.ui",1313700111769
stopped,bundle,org.eclipse.cdt.dsf.ui,2.2.0.201106081058,"org.eclipse.cdt.dsf.ui",1313700111770
stopped,bundle,org.eclipse.cdt.gdb.ui,7.0.0.201106081058,"org.eclipse.cdt.gdb.ui",1313700111771
stopped,bundle,org.eclipse.cdt.dsf.gdb,4.0.0.201106081058,"org.eclipse.cdt.dsf.gdb",1313700111772
stopped,bundle,org.eclipse.cdt.launch,7.0.0.201106081058,"org.eclipse.cdt.launch",1313700111772
stopped,bundle,org.eclipse.cdt.debug.ui,7.1.0.201106081058,"org.eclipse.cdt.debug.ui",1313700111772
stopped,bundle,org.eclipse.cdt.debug.ui.memory.traditional,1.2.0.201106081058,"org.eclipse.cdt.debug.ui.memory.traditional",1313700111773
stopped,bundle,org.eclipse.cdt.dsf,2.2.0.201106081058,"org.eclipse.cdt.dsf",1313700111773
stopped,bundle,org.eclipse.cdt.debug.core,7.1.0.201106081058,"org.eclipse.cdt.debug.core",1313700111773
stopped,bundle,org.eclipse.linuxtools.cdt.autotools.ui,1.0.1.201106060936,"org.eclipse.linuxtools.cdt.autotools.ui",1313700111773
stopped,bundle,org.eclipse.linuxtools.cdt.autotools.core,1.0.1.201106060936,"org.eclipse.linuxtools.cdt.autotools.core",1313700111773
stopped,bundle,org.eclipse.cdt.managedbuilder.ui,8.0.0.201106081058,"org.eclipse.cdt.managedbuilder.ui",1313700111773
stopped,bundle,org.eclipse.cdt.make.ui,7.1.0.201106081058,"org.eclipse.cdt.make.ui",1313700111773
stopped,bundle,org.eclipse.cdt.managedbuilder.gnu.ui,8.0.0.201106081058,"org.eclipse.cdt.managedbuilder.gnu.ui",1313700111773
stopped,bundle,org.eclipse.cdt.msw.build,1.0.0.201106081058,"org.eclipse.cdt.msw.build",1313700111774
stopped,bundle,org.eclipse.cdt.managedbuilder.core,8.0.0.201106081058,"org.eclipse.cdt.managedbuilder.core",1313700111774
stopped,bundle,org.eclipse.cdt.make.core,7.1.0.201106081058,"org.eclipse.cdt.make.core",1313700111774
stopped,bundle,org.eclipse.cdt.mylyn.ui,3.6.0.v20110608-1400,"org.eclipse.cdt.mylyn.ui",1313700111887
stopped,bundle,org.eclipse.cdt.codan.ui,2.0.0.201106081058,"org.eclipse.cdt.codan.ui",1313700111887
stopped,bundle,org.eclipse.cdt.ui,5.3.0.201106081058,"org.eclipse.cdt.ui",1313700111889
stopped,bundle,org.eclipse.cdt.core,5.3.0.201106081058,"org.eclipse.cdt.core",1313700111889
stopped,bundle,org.eclipse.egit.ui,1.0.0.201106090707-r,"org.eclipse.egit.ui",1313700111890
stopped,bundle,org.eclipse.equinox.p2.ui.sdk,1.0.200.v20110502-1955,"org.eclipse.equinox.p2.ui.sdk",1313700111891
stopped,bundle,org.eclipse.rse.importexport,1.2.200.v201105021534,"org.eclipse.rse.importexport",1313700111891
stopped,bundle,org.eclipse.rse.subsystems.shells.telnet,1.2.200.v201101042155,"org.eclipse.rse.subsystems.shells.telnet",1313700111892
stopped,bundle,org.eclipse.rse.shells.ui,3.0.300.v201103141607,"org.eclipse.rse.shells.ui",1313700111917
stopped,bundle,org.eclipse.dltk.rse.ui,2.0.0.v20100115-2213,"org.eclipse.dltk.rse.ui",1313700111917
stopped,bundle,org.eclipse.rse.files.ui,3.2.0.v201105021534,"org.eclipse.rse.files.ui",1313700111923
stopped,bundle,org.eclipse.rse.processes.ui,3.0.300.v201101042155,"org.eclipse.rse.processes.ui",1313700111938
stopped,bundle,org.eclipse.dltk.testing,1.0.0.v20090914-1703,"org.eclipse.dltk.testing",1313700111961
stopped,bundle,org.eclipse.php.server.ui,2.2.0.v20100616-1900,"org.eclipse.php.server.ui",1313700111972
stopped,bundle,org.eclipse.php.debug.ui,2.2.0.v20100616-1900,"org.eclipse.php.debug.ui",1313700111972
stopped,bundle,org.eclipse.dltk.debug.ui,2.0.0.v20100115-2213,"org.eclipse.dltk.debug.ui",1313700112006
stopped,bundle,org.eclipse.dltk.formatter,2.0.0.v20100304-1959,"org.eclipse.dltk.formatter",1313700112066
stopped,bundle,org.eclipse.dltk.validators.externalchecker,1.0.0.v20090803-1754,"org.eclipse.dltk.validators.externalchecker",1313700112088
stopped,bundle,org.eclipse.dltk.validators.ui,2.0.0.v20091214-1712,"org.eclipse.dltk.validators.ui",1313700112088
stopped,bundle,org.eclipse.php.debug.core,2.2.0.v20100616-1900,"org.eclipse.php.debug.core",1313700112088
stopped,bundle,org.eclipse.php.ui,2.2.0.v20100616-1900,"org.eclipse.php.ui",1313700112088
stopped,bundle,org.eclipse.dltk.ui,2.0.0.v20100603-0936,"org.eclipse.dltk.ui",1313700112088
stopped,bundle,org.eclipse.wst.xsl.jaxp.debug.ui,1.0.100.v201004290328,"org.eclipse.wst.xsl.jaxp.debug.ui",1313700112103
stopped,bundle,org.eclipse.jdt.debug.ui,3.5.0.v20100602-0830,"org.eclipse.jdt.debug.ui",1313700112221
stopped,bundle,org.eclipse.jdt.ui,3.6.0.v20100602-1600,"org.eclipse.jdt.ui",1313700112221
stopped,bundle,org.eclipse.wst.dtd.ui,1.0.500.v201004290328,"org.eclipse.wst.dtd.ui",1313700112228
stopped,bundle,org.eclipse.wst.jsdt.web.ui,1.0.300.v201006030742,"org.eclipse.wst.jsdt.web.ui",1313700112348
stopped,bundle,org.eclipse.wst.web.ui,1.1.400.v201004141630,"org.eclipse.wst.web.ui",1313700112414
stopped,bundle,org.eclipse.wst.html.ui,1.0.500.v201006030742,"org.eclipse.wst.html.ui",1313700112454
stopped,bundle,org.eclipse.wst.css.ui,1.0.500.v201004290328,"org.eclipse.wst.css.ui",1313700112461
stopped,bundle,org.eclipse.wst.xsl.exslt.ui,1.0.0.v201006012005,"org.eclipse.wst.xsl.exslt.ui",1313700112465
stopped,bundle,org.eclipse.wst.xsl.ui,1.1.0.v201004290328,"org.eclipse.wst.xsl.ui",1313700112466
activated,perspective,org.eclipse.cdt.ui,,"org.eclipse.cdt.ui.CPerspective",1313735000229
started,bundle,org.eclipse.osgi,3.7.0.v20110613,"org.eclipse.osgi",1313735000230
started,bundle,org.eclipse.equinox.simpleconfigurator,1.0.200.v20110502-1955,"org.eclipse.equinox.simpleconfigurator",1313735000231
started,bundle,com.ibm.icu,4.4.2.v20110208,"com.ibm.icu",1313735000266
started,bundle,org.eclipse.cdt.codan.checkers,1.0.0.201106081058,"org.eclipse.cdt.codan.checkers",1313735000267
started,bundle,org.eclipse.cdt.codan.core,2.0.0.201106081058,"org.eclipse.cdt.codan.core",1313735000293
started,bundle,org.eclipse.cdt.codan.core.cxx,1.0.0.201106081058,"org.eclipse.cdt.codan.core.cxx",1313735000293
started,bundle,org.eclipse.cdt.codan.ui.cxx,2.0.0.201106081058,"org.eclipse.cdt.codan.ui.cxx",1313735000315
started,bundle,org.eclipse.cdt.core,5.3.0.201106081058,"org.eclipse.cdt.core",1313735000345
started,bundle,org.eclipse.cdt.make.core,7.1.0.201106081058,"org.eclipse.cdt.make.core",1313735000379
started,bundle,org.eclipse.cdt.make.ui,7.1.0.201106081058,"org.eclipse.cdt.make.ui",1313735000387
started,bundle,org.eclipse.cdt.managedbuilder.core,8.0.0.201106081058,"org.eclipse.cdt.managedbuilder.core",1313735000412
started,bundle,org.eclipse.cdt.ui,5.3.0.201106081058,"org.eclipse.cdt.ui",1313735000450
started,bundle,org.eclipse.core.contenttype,3.4.100.v20110423-0524,"org.eclipse.core.contenttype",1313735000461
started,bundle,org.eclipse.core.databinding.observable,1.4.0.I20110222-0800,"org.eclipse.core.databinding.observable",1313735000470
started,bundle,org.eclipse.core.expressions,3.4.300.v20110228,"org.eclipse.core.expressions",1313735000479
started,bundle,org.eclipse.core.filebuffers,3.5.200.v20110505-0800,"org.eclipse.core.filebuffers",1313735000493
started,bundle,org.eclipse.core.filesystem,1.3.100.v20110423-0524,"org.eclipse.core.filesystem",1313735000494
started,bundle,org.eclipse.core.jobs,3.5.100.v20110404,"org.eclipse.core.jobs",1313735000507
started,bundle,org.eclipse.core.net,1.2.100.I20110511-0800,"org.eclipse.core.net",1313735000507
started,bundle,org.eclipse.core.resources,3.7.100.v20110510-0712,"org.eclipse.core.resources",1313735000511
started,bundle,org.eclipse.core.runtime,3.7.0.v20110110,"org.eclipse.core.runtime",1313735000512
started,bundle,org.eclipse.core.runtime.compatibility,3.2.100.v20100505,"org.eclipse.core.runtime.compatibility",1313735000512
started,bundle,org.eclipse.core.runtime.compatibility.auth,3.2.200.v20110110,"org.eclipse.core.runtime.compatibility.auth",1313735000523
started,bundle,org.eclipse.debug.core,3.7.0.v20110518,"org.eclipse.debug.core",1313735000530
started,bundle,org.eclipse.egit.core,1.0.0.201106090707-r,"org.eclipse.egit.core",1313735000536
started,bundle,org.eclipse.egit.ui,1.0.0.201106090707-r,"org.eclipse.egit.ui",1313735000858
started,bundle,org.eclipse.epp.mpc.ui,1.1.0.I20110525-0742,"org.eclipse.epp.mpc.ui",1313735000867
started,bundle,org.eclipse.epp.usagedata.gathering,1.3.1.R201106061540,"org.eclipse.epp.usagedata.gathering",1313735000867
started,bundle,org.eclipse.epp.usagedata.recording,1.3.1.R201106061540,"org.eclipse.epp.usagedata.recording",1313735000867
started,bundle,org.eclipse.equinox.app,1.3.100.v20110321,"org.eclipse.equinox.app",1313735000889
started,bundle,org.eclipse.equinox.common,3.6.0.v20110523,"org.eclipse.equinox.common",1313735000917
started,bundle,org.eclipse.equinox.ds,1.3.0.v20110502,"org.eclipse.equinox.ds",1313735000936
started,bundle,org.eclipse.equinox.event,1.2.100.v20110502,"org.eclipse.equinox.event",1313735000965
started,bundle,org.eclipse.equinox.p2.core,2.1.0.v20110502-1955,"org.eclipse.equinox.p2.core",1313735000965
started,bundle,org.eclipse.equinox.p2.directorywatcher,1.0.300.v20110502-1955,"org.eclipse.equinox.p2.directorywatcher",1313735000977
started,bundle,org.eclipse.equinox.p2.engine,2.1.0.v20110511,"org.eclipse.equinox.p2.engine",1313735000981
started,bundle,org.eclipse.equinox.p2.metadata,2.1.0.v20110510,"org.eclipse.equinox.p2.metadata",1313735000987
started,bundle,org.eclipse.equinox.p2.metadata.repository,1.2.0.v20110511-1359,"org.eclipse.equinox.p2.metadata.repository",1313735000995
started,bundle,org.eclipse.equinox.p2.operations,2.1.0.v20110511-1821,"org.eclipse.equinox.p2.operations",1313735000995
started,bundle,org.eclipse.equinox.p2.reconciler.dropins,1.1.100.v20110510,"org.eclipse.equinox.p2.reconciler.dropins",1313735000995
started,bundle,org.eclipse.equinox.p2.repository,2.1.0.v20110601,"org.eclipse.equinox.p2.repository",1313735001018
started,bundle,org.eclipse.equinox.p2.ui.sdk.scheduler,1.0.100.v20110502-1955,"org.eclipse.equinox.p2.ui.sdk.scheduler",1313735001019
started,bundle,org.eclipse.equinox.p2.updatechecker,1.1.200.v20110502-1955,"org.eclipse.equinox.p2.updatechecker",1313735001019
started,bundle,org.eclipse.equinox.preferences,3.4.0.v20110502,"org.eclipse.equinox.preferences",1313735001039
started,bundle,org.eclipse.equinox.registry,3.5.100.v20110502,"org.eclipse.equinox.registry",1313735001042
started,bundle,org.eclipse.equinox.security,1.1.0.v20110502,"org.eclipse.equinox.security",1313735001049
started,bundle,org.eclipse.equinox.util,1.0.300.v20110502,"org.eclipse.equinox.util",1313735001071
started,bundle,org.eclipse.help,3.5.100.v20110426,"org.eclipse.help",1313735001086
started,bundle,org.eclipse.jface,3.7.0.I20110522-1430,"org.eclipse.jface",1313735001092
started,bundle,org.eclipse.jgit,1.0.0.201106090707-r,"org.eclipse.jgit",1313735001092
started,bundle,org.eclipse.jsch.core,1.1.300.I20110514-0800,"org.eclipse.jsch.core",1313735001102
started,bundle,org.eclipse.ltk.core.refactoring,3.5.200.v20110505-0800,"org.eclipse.ltk.core.refactoring",1313735001121
started,bundle,org.eclipse.ltk.ui.refactoring,3.6.0.v20110505-0800,"org.eclipse.ltk.ui.refactoring",1313735001155
started,bundle,org.eclipse.mylyn.bugzilla.core,3.6.0.v20110608-1400,"org.eclipse.mylyn.bugzilla.core",1313735001168
started,bundle,org.eclipse.mylyn.bugzilla.ui,3.6.0.v20110608-1400,"org.eclipse.mylyn.bugzilla.ui",1313735001171
started,bundle,org.eclipse.mylyn.commons.identity,0.8.0.v20110608-1400,"org.eclipse.mylyn.commons.identity",1313735001172
started,bundle,org.eclipse.mylyn.commons.net,3.6.0.v20110608-1400,"org.eclipse.mylyn.commons.net",1313735001172
started,bundle,org.eclipse.mylyn.commons.ui,3.6.0.v20110608-1400,"org.eclipse.mylyn.commons.ui",1313735001207
started,bundle,org.eclipse.mylyn.context.core,3.6.0.v20110608-1400,"org.eclipse.mylyn.context.core",1313735001218
started,bundle,org.eclipse.mylyn.context.ui,3.6.0.v20110608-1400,"org.eclipse.mylyn.context.ui",1313735001261
started,bundle,org.eclipse.mylyn.monitor.ui,3.6.0.v20110608-1400,"org.eclipse.mylyn.monitor.ui",1313735001262
started,bundle,org.eclipse.mylyn.tasks.ui,3.6.0.v20110608-1400,"org.eclipse.mylyn.tasks.ui",1313735001303
started,bundle,org.eclipse.mylyn.team.ui,3.6.0.v20110608-1400,"org.eclipse.mylyn.team.ui",1313735001313
started,bundle,org.eclipse.search,3.7.0.v20110505-0800,"org.eclipse.search",1313735001337
started,bundle,org.eclipse.team.core,3.6.0.I20110525-0800,"org.eclipse.team.core",1313735001346
started,bundle,org.eclipse.team.cvs.core,3.3.400.I20110510-0800,"org.eclipse.team.cvs.core",1313735001351
started,bundle,org.eclipse.team.cvs.ui,3.3.400.I20110510-0800,"org.eclipse.team.cvs.ui",1313735001363
started,bundle,org.eclipse.team.ui,3.6.100.I20110525-0800,"org.eclipse.team.ui",1313735001374
started,bundle,org.eclipse.ui,3.7.0.I20110602-0100,"org.eclipse.ui",1313735001384
started,bundle,org.eclipse.ui.console,3.5.100.v20110511,"org.eclipse.ui.console",1313735001397
started,bundle,org.eclipse.ui.editors,3.7.0.v20110517-0800,"org.eclipse.ui.editors",1313735001430
started,bundle,org.eclipse.ui.forms,3.5.100.v20110425,"org.eclipse.ui.forms",1313735001501
started,bundle,org.eclipse.ui.ide,3.7.0.I20110519-0100,"org.eclipse.ui.ide",1313735001523
started,bundle,org.eclipse.ui.intro,3.4.100.v20110425,"org.eclipse.ui.intro",1313735001547
started,bundle,org.eclipse.ui.intro.universal,3.2.500.v20110510,"org.eclipse.ui.intro.universal",1313735001547
started,bundle,org.eclipse.ui.navigator,3.5.100.I20110524-0800,"org.eclipse.ui.navigator",1313735001573
started,bundle,org.eclipse.ui.navigator.resources,3.4.300.I20110421-1800,"org.eclipse.ui.navigator.resources",1313735001591
started,bundle,org.eclipse.ui.net,1.2.100.I20110511-0800,"org.eclipse.ui.net",1313735001591
started,bundle,org.eclipse.ui.views,3.6.0.I20110412-0800,"org.eclipse.ui.views",1313735001610
started,bundle,org.eclipse.ui.workbench,3.7.0.I20110519-0100,"org.eclipse.ui.workbench",1313735001632
started,bundle,org.eclipse.ui.workbench.texteditor,3.7.0.v20110505-0800,"org.eclipse.ui.workbench.texteditor",1313735001672
started,bundle,org.eclipse.update.configurator,3.3.100.v20100512,"org.eclipse.update.configurator",1313735001690
started,bundle,org.eclipse.update.core,3.2.500.v20110330,"org.eclipse.update.core",1313735001717
started,bundle,org.eclipse.update.scheduler,3.2.300.v20100512,"org.eclipse.update.scheduler",1313735001730
started,bundle,org.eclipse.dltk.core,2.0.0.v20100603-0936,"org.eclipse.dltk.core",1313735001745
started,bundle,org.eclipse.dltk.launching,2.0.0.v20100524-0038,"org.eclipse.dltk.launching",1313735001751
started,bundle,org.eclipse.dltk.ui,2.0.0.v20100603-0936,"org.eclipse.dltk.ui",1313735001767
started,bundle,org.eclipse.jdt.core,3.6.0.v_A58,"org.eclipse.jdt.core",1313735001772
started,bundle,org.eclipse.jdt.core.manipulation,1.3.0.v20100520-0800,"org.eclipse.jdt.core.manipulation",1313735001781
started,bundle,org.eclipse.jdt.ui,3.6.0.v20100602-1600,"org.eclipse.jdt.ui",1313735001873
started,bundle,org.eclipse.php.core,2.2.0.v20100616-1900,"org.eclipse.php.core",1313735001907
started,bundle,org.eclipse.php.debug.daemon,2.2.0.v20100616-1900,"org.eclipse.php.debug.daemon",1313735001919
started,bundle,org.eclipse.php.server.core,2.2.0.v20100616-1900,"org.eclipse.php.server.core",1313735001920
started,bundle,org.eclipse.wst.jsdt.core,1.1.0.v201006030738,"org.eclipse.wst.jsdt.core",1313735001933
started,bundle,org.eclipse.wst.jsdt.manipulation,1.0.200.v201004150600,"org.eclipse.wst.jsdt.manipulation",1313735001933
started,bundle,org.eclipse.wst.jsdt.ui,1.1.0.v201005200157,"org.eclipse.wst.jsdt.ui",1313735001973
os,sysinfo,,,"linux",1313735001977
arch,sysinfo,,,"x86",1313735001977
ws,sysinfo,,,"gtk",1313735001977
locale,sysinfo,,,"en_GB",1313735001977
processors,sysinfo,,,"4",1313735001977
java.runtime.name,sysinfo,,,"OpenJDK Runtime Environment",1313735001977
java.runtime.version,sysinfo,,,"1.6.0_22-b22",1313735001977
java.specification.name,sysinfo,,,"Java Platform API Specification",1313735001977
java.specification.vendor,sysinfo,,,"Sun Microsystems Inc.",1313735001977
java.specification.version,sysinfo,,,"1.6",1313735001977
java.vendor,sysinfo,,,"Sun Microsystems Inc.",1313735001977
java.version,sysinfo,,,"1.6.0_22",1313735001977
java.vm.info,sysinfo,,,"mixed mode, sharing",1313735001977
java.vm.name,sysinfo,,,"OpenJDK Client VM",1313735001977
java.vm.specification.name,sysinfo,,,"Java Virtual Machine Specification",1313735001977
java.vm.specification.vendor,sysinfo,,,"Sun Microsystems Inc.",1313735001977
java.vm.specification.version,sysinfo,,,"1.0",1313735001977
java.vm.vendor,sysinfo,,,"Sun Microsystems Inc.",1313735001977
java.vm.version,sysinfo,,,"20.0-b11",1313735001977
started,bundle,org.eclipse.php.debug.core,2.2.0.v20100616-1900,"org.eclipse.php.debug.core",1313735002101
activated,editor,org.eclipse.cdt.ui,5.3.0.201106081058,"org.eclipse.cdt.ui.editor.CEditor",1313735002204
started,bundle,org.eclipse.php.debug.ui,2.2.0.v20100616-1900,"org.eclipse.php.debug.ui",1313735002623
activated,view,org.eclipse.ui.navigator.resources,3.4.300.I20110421-1800,"org.eclipse.ui.navigator.ProjectExplorer",1313735002730
started,bundle,org.eclipse.wst.sse.ui,1.2.0.v201006030742,"org.eclipse.wst.sse.ui",1313735002734
started,bundle,org.eclipse.wst.sse.core,1.1.500.v201006020308,"org.eclipse.wst.sse.core",1313735002736
started,bundle,org.eclipse.php.ui,2.2.0.v20100616-1900,"org.eclipse.php.ui",1313735002744
closed,view,org.eclipse.ui,3.7.0.I20110602-0100,"org.eclipse.ui.internal.introview",1313735002747
started,bundle,org.eclipse.dltk.core.index.sql,2.0.0.v20100616-2015,"org.eclipse.dltk.core.index.sql",1313735003107
opened,view,org.eclipse.ui.ide,3.7.0.I20110519-0100,"org.eclipse.ui.views.ProblemView",1313735003853
started,bundle,org.eclipse.dltk.core.index.sql.h2,2.0.0.v20100616-2015,"org.eclipse.dltk.core.index.sql.h2",1313735004014
activated,editor,org.eclipse.cdt.ui,5.3.0.201106081058,"org.eclipse.cdt.ui.editor.CEditor",1313735005847
error,log,,,"Unable to create editor ID org.eclipse.cdt.ui.editor.CEditor: The file does not exist.",1313735007343
opened,editor,org.eclipse.cdt.ui,5.3.0.201106081058,"org.eclipse.cdt.ui.editor.CEditor",1313735007455
opened,editor,org.eclipse.cdt.ui,5.3.0.201106081058,"org.eclipse.cdt.ui.editor.CEditor",1313735007459
activated,editor,org.eclipse.cdt.ui,5.3.0.201106081058,"org.eclipse.cdt.ui.editor.CEditor",1313735007491
closed,editor,org.eclipse.cdt.ui,5.3.0.201106081058,"org.eclipse.cdt.ui.editor.CEditor",1313735007491
error,log,,,"Unable to create editor ID org.eclipse.cdt.ui.editor.CEditor: The file does not exist.",1313735008750
opened,editor,org.eclipse.cdt.ui,5.3.0.201106081058,"org.eclipse.cdt.ui.editor.CEditor",1313735008827
opened,editor,org.eclipse.cdt.ui,5.3.0.201106081058,"org.eclipse.cdt.ui.editor.CEditor",1313735008829
activated,editor,org.eclipse.cdt.ui,5.3.0.201106081058,"org.eclipse.cdt.ui.editor.CEditor",1313735008870
closed,editor,org.eclipse.cdt.ui,5.3.0.201106081058,"org.eclipse.cdt.ui.editor.CEditor",1313735009685
activated,view,org.eclipse.ui.navigator.resources,3.4.300.I20110421-1800,"org.eclipse.ui.navigator.ProjectExplorer",1313735010769
closed,editor,org.eclipse.cdt.ui,5.3.0.201106081058,"org.eclipse.cdt.ui.editor.CEditor",1313735010769
started,bundle,org.eclipse.cdt.managedbuilder.ui,8.0.0.201106081058,"org.eclipse.cdt.managedbuilder.ui",1313735015354
started,bundle,org.eclipse.linuxtools.cdt.autotools.core,1.0.1.201106060936,"org.eclipse.linuxtools.cdt.autotools.core",1313735015703
started,bundle,org.eclipse.cdt.managedbuilder.gnu.ui,8.0.0.201106081058,"org.eclipse.cdt.managedbuilder.gnu.ui",1313735015725
started,bundle,org.eclipse.cdt.build.crossgcc,1.0.0.201106081058,"org.eclipse.cdt.build.crossgcc",1313735015966
started,bundle,org.eclipse.linuxtools.cdt.autotools.ui,1.0.1.201106060936,"org.eclipse.linuxtools.cdt.autotools.ui",1313735016337
deactivated,workbench,org.eclipse.ui.workbench,3.7.0.I20110519-0100,"",1313735016502
activated,workbench,org.eclipse.ui.workbench,3.7.0.I20110519-0100,"",1313735020181
deactivated,workbench,org.eclipse.ui.workbench,3.7.0.I20110519-0100,"",1313735024777
started,bundle,org.eclipse.core.variables,3.2.500.v20110511,"org.eclipse.core.variables",1313735030554
started,bundle,org.eclipse.cdt.msw.build,1.0.0.201106081058,"org.eclipse.cdt.msw.build",1313735030702
activated,workbench,org.eclipse.ui.workbench,3.7.0.I20110519-0100,"",1313735032927
started,bundle,org.eclipse.rse.services,3.2.100.v201102281950,"org.eclipse.rse.services",1313735033540
started,bundle,org.eclipse.rse.core,3.2.0.v201105311250,"org.eclipse.rse.core",1313735033705
started,bundle,org.eclipse.rse.ui,3.2.0.v201105311250,"org.eclipse.rse.ui",1313735034258
started,bundle,org.eclipse.dltk.rse.ui,2.0.0.v20100115-2213,"org.eclipse.dltk.rse.ui",1313735034258
started,bundle,org.eclipse.rse.subsystems.files.core,3.2.100.v201105021534,"org.eclipse.rse.subsystems.files.core",1313735034320
started,bundle,org.eclipse.rse.subsystems.files.local,2.1.200.v201101042155,"org.eclipse.rse.subsystems.files.local",1313735034336
started,bundle,org.eclipse.dltk.rse.core,2.0.0.v20100115-2213,"org.eclipse.dltk.rse.core",1313735034390
started,bundle,org.eclipse.rse.subsystems.shells.core,3.1.200.v201105311250,"org.eclipse.rse.subsystems.shells.core",1313735034433
started,bundle,org.eclipse.rse.subsystems.shells.local,2.1.300.v201101042155,"org.eclipse.rse.subsystems.shells.local",1313735034457
started,bundle,org.eclipse.rse.connectorservice.local,2.1.300.v201101042155,"org.eclipse.rse.connectorservice.local",1313735034504
started,bundle,org.eclipse.rse.services.local,2.1.300.v201105311250,"org.eclipse.rse.services.local",1313735034642
deactivated,workbench,org.eclipse.ui.workbench,3.7.0.I20110519-0100,"",1313735037913
activated,workbench,org.eclipse.ui.workbench,3.7.0.I20110519-0100,"",1313735038763
started,bundle,org.eclipse.compare.core,3.5.200.I20110208-0800,"org.eclipse.compare.core",1313735047131
opened,editor,org.eclipse.cdt.ui,5.3.0.201106081058,"org.eclipse.cdt.ui.editor.CEditor",1313735047176
activated,editor,org.eclipse.cdt.ui,5.3.0.201106081058,"org.eclipse.cdt.ui.editor.CEditor",1313735047280
activated,view,org.eclipse.ui.navigator.resources,3.4.300.I20110421-1800,"org.eclipse.ui.navigator.ProjectExplorer",1313735047313
started,bundle,org.eclipse.cdt.codan.ui,2.0.0.201106081058,"org.eclipse.cdt.codan.ui",1313735047321
opened,editor,org.eclipse.cdt.ui,5.3.0.201106081058,"org.eclipse.cdt.ui.editor.CEditor",1313735048085
activated,editor,org.eclipse.cdt.ui,5.3.0.201106081058,"org.eclipse.cdt.ui.editor.CEditor",1313735048119
activated,view,org.eclipse.ui.navigator.resources,3.4.300.I20110421-1800,"org.eclipse.ui.navigator.ProjectExplorer",1313735048137
activated,editor,org.eclipse.cdt.ui,5.3.0.201106081058,"org.eclipse.cdt.ui.editor.CEditor",1313735049195
activated,editor,org.eclipse.cdt.ui,5.3.0.201106081058,"org.eclipse.cdt.ui.editor.CEditor",1313735053433
closed,editor,org.eclipse.cdt.ui,5.3.0.201106081058,"org.eclipse.cdt.ui.editor.CEditor",1313735053433
started,bundle,org.eclipse.cdt.mylyn.ui,3.6.0.v20110608-1400,"org.eclipse.cdt.mylyn.ui",1313735053467
activated,view,org.eclipse.ui.navigator.resources,3.4.300.I20110421-1800,"org.eclipse.ui.navigator.ProjectExplorer",1313735054036
closed,editor,org.eclipse.cdt.ui,5.3.0.201106081058,"org.eclipse.cdt.ui.editor.CEditor",1313735054036
deactivated,workbench,org.eclipse.ui.workbench,3.7.0.I20110519-0100,"",1313735056001
activated,workbench,org.eclipse.ui.workbench,3.7.0.I20110519-0100,"",1313735063205
opened,editor,org.eclipse.cdt.ui,5.3.0.201106081058,"org.eclipse.cdt.ui.editor.CEditor",1313735066564
activated,editor,org.eclipse.cdt.ui,5.3.0.201106081058,"org.eclipse.cdt.ui.editor.CEditor",1313735066642
activated,view,org.eclipse.ui.navigator.resources,3.4.300.I20110421-1800,"org.eclipse.ui.navigator.ProjectExplorer",1313735066664
activated,editor,org.eclipse.cdt.ui,5.3.0.201106081058,"org.eclipse.cdt.ui.editor.CEditor",1313735068009
activated,view,org.eclipse.ui.navigator.resources,3.4.300.I20110421-1800,"org.eclipse.ui.navigator.ProjectExplorer",1313735070281
deactivated,workbench,org.eclipse.ui.workbench,3.7.0.I20110519-0100,"",1313735071332
activated,workbench,org.eclipse.ui.workbench,3.7.0.I20110519-0100,"",1313735071941
activated,view,org.eclipse.ui.ide,3.7.0.I20110519-0100,"org.eclipse.ui.views.ProblemView",1313735081352
started,bundle,org.eclipse.cdt.codan.checkers.ui,1.0.0.201106081058,"org.eclipse.cdt.codan.checkers.ui",1313735082711
activated,view,org.eclipse.ui.navigator.resources,3.4.300.I20110421-1800,"org.eclipse.ui.navigator.ProjectExplorer",1313735093351
opened,editor,org.eclipse.cdt.ui,5.3.0.201106081058,"org.eclipse.cdt.ui.editor.CEditor",1313735093538
activated,editor,org.eclipse.cdt.ui,5.3.0.201106081058,"org.eclipse.cdt.ui.editor.CEditor",1313735093602
activated,view,org.eclipse.ui.navigator.resources,3.4.300.I20110421-1800,"org.eclipse.ui.navigator.ProjectExplorer",1313735093623
activated,editor,org.eclipse.cdt.ui,5.3.0.201106081058,"org.eclipse.cdt.ui.editor.CEditor",1313735094620
activated,editor,org.eclipse.cdt.ui,5.3.0.201106081058,"org.eclipse.cdt.ui.editor.CEditor",1313735097648
closed,editor,org.eclipse.cdt.ui,5.3.0.201106081058,"org.eclipse.cdt.ui.editor.CEditor",1313735097648
deactivated,workbench,org.eclipse.ui.workbench,3.7.0.I20110519-0100,"",1313735099897
activated,workbench,org.eclipse.ui.workbench,3.7.0.I20110519-0100,"",1313735103588
deactivated,workbench,org.eclipse.ui.workbench,3.7.0.I20110519-0100,"",1313735104486
activated,workbench,org.eclipse.ui.workbench,3.7.0.I20110519-0100,"",1313735113280
